{"cameraMode":{"drawMode":0,"name":"Shaded","section":"Shading Mode"},"sceneLighting":false,"audioPlay":false,"sceneViewState":{"showFog":true,"showMaterialUpdate":false,"showSkybox":false,"showFlares":true,"showImageEffects":true,"showParticleSystems":true,"showVisualEffectGraphs":true,"m_FxEnabled":true},"in2DMode":false,"pivot":{"x":0.7305856943130493,"y":2.546999931335449,"z":1.1939473152160645},"rotation":{"x":0.17384618520736695,"y":-0.09143973141908646,"z":0.016214488074183465,"w":0.9803853034973145},"size":0.6077002882957459,"orthographic":false}