{"cameraMode":{"drawMode":0,"name":"Shaded","section":"Shading Mode"},"sceneLighting":true,"audioPlay":false,"sceneViewState":{"showFog":true,"showMaterialUpdate":false,"showSkybox":true,"showFlares":true,"showImageEffects":true,"showParticleSystems":true,"showVisualEffectGraphs":true,"m_FxEnabled":true},"in2DMode":false,"pivot":{"x":556.9488525390625,"y":266.6594543457031,"z":-709.434326171875},"rotation":{"x":-0.01980873942375183,"y":0.0020968469325453045,"z":-0.000019764856915571727,"w":-0.9998102784156799},"size":32.468505859375,"orthographic":false}