{"cameraMode":{"drawMode":0,"name":"Shaded","section":"Shading Mode"},"sceneLighting":false,"audioPlay":false,"sceneViewState":{"showFog":true,"showMaterialUpdate":false,"showSkybox":false,"showFlares":true,"showImageEffects":true,"showParticleSystems":true},"in2DMode":false,"pivot":{"x":14.37890625,"y":4.884190082550049,"z":14.95901870727539},"rotation":{"x":0.22753746807575227,"y":-0.4957145154476166,"z":0.13639318943023683,"w":0.8269768357276917},"size":8.637653350830079,"orthographic":true}