{"cameraMode":{"drawMode":0,"name":"Shaded","section":"Shading Mode"},"sceneLighting":false,"audioPlay":false,"sceneViewState":{"showFog":true,"showMaterialUpdate":false,"showSkybox":false,"showFlares":true,"showImageEffects":true,"showParticleSystems":true},"in2DMode":false,"pivot":{"x":11.514162063598633,"y":2.191920757293701,"z":17.955589294433595},"rotation":{"x":0.2363407015800476,"y":-0.07860427349805832,"z":0.019185436889529229,"w":0.9682956337928772},"size":21.91231918334961,"orthographic":false}