{"cameraMode":{"drawMode":0,"name":"Shaded","section":"Shading Mode"},"sceneLighting":false,"audioPlay":false,"sceneViewState":{"showFog":true,"showMaterialUpdate":false,"showSkybox":false,"showFlares":true,"showImageEffects":true,"showParticleSystems":true},"in2DMode":false,"pivot":{"x":0.661997377872467,"y":2.6030478477478029,"z":1.2706928253173829},"rotation":{"x":-0.4083060324192047,"y":-0.5885109305381775,"z":0.45195427536964419,"w":-0.5316751599311829},"size":1.8490076065063477,"orthographic":false}